name,type,url,location_or_channel,price_of_comparable_item,what_it_sells,positioning_line,rating,review_count,source_date
Homary,direct,https://www.homary.com,"Online, US (manufacturer-direct, free shipping)",Black outdoor wall lantern $59.99-$69.99 (https://www.homary.com/item/retro-industrial-antique-matte-black-iron-lantern-outdoor-wall-sconce-1light-with-clear-glass-13213.html); multi-tier cloud glass pendant $379.99 (was $947.99) (https://www.homary.com/item/modern-multitier-cloud-glass-pendant-light-kitchen-island-light-adjustable-chain-33029.html),"Chinese-made lighting, furniture, faucets, decor; free shipping; 30-day returns","Furniture, Faucets, Outdoor, Lights and Decor Straight from Manufacturers to Your Home (https://www.homary.com/return_policy.html)",Trustpilot: 70% 5-star / ~21% 1-star (https://ca.trustpilot.com/review/www.homary.com?page=8),"7,467 (one regional Trustpilot snapshot)",2026-10-08
Vaxlamp,direct,https://www.vaxlamp.com,Online DTC store (look-alike modern/wabi-sabi lighting),Minimalist Japanese Wabi-Sabi Cloud Pendant $205.44 (was $342.40) (https://www.vaxlamp.com/products/pendant-light-cloud-minimalist-japanese-wabi-sabi-3-colors/),"Wabi-sabi, cloud, Bauhaus and modern lamps, mostly polystyrene/resin",not captured,Trustpilot score not captured; mixed reviews (https://www.trustpilot.com/review/www.vaxlamp.com),157-219 (varies by regional Trustpilot page),2026-10-08
Articture,direct,https://articture.com,Online DTC store,Cloud Wabi Sabi Pendant Light from $499.00 (https://articture.com/products/cloud-wabi-sabi-pendant-light),"Sculptural lighting, wall decor, bedding",not captured,Ratingfacts 3.7/5 (https://ratingfacts.com/reviews/articture.com); ProductReview.com.au 1/5 from 6 (https://www.productreview.com.au/listings/articture),117 (Ratingfacts),2026-10-08
Lyfairs,direct,https://www.lyfairs.com,Online DTC store (staircase/crystal chandeliers),"Large spiral staircase chandeliers about $1,100-$1,500 (https://www.lyfairs.com/collections/spiral-staircase)",Long spiral crystal staircase and foyer chandeliers,"Warranty · 3 Years , 90 days no reason to return (listing text, https://www.lyfairs.com/collections/spiral-staircase)",no Trustpilot page found,n/a,2026-10-08
Seus Lighting,direct,https://www.seuslighting.com,Online DTC store,"Gold long spiral staircase chandelier $799.99 (6 lights) to $6,999.99 (60 lights) (https://www.seuslighting.com/products/modern-gold-long-spiral-crystal-chandelier-for-staircase)",Statement crystal chandeliers; 2-year warranty,not captured,not found,n/a,2026-10-08
Thehouselights,direct,https://thehouselights.com,Online DTC (UK address; reviewers say ships from China),not captured,Vintage/kitchen pendant lighting,"operates its own vintage kitchen lighting manufacturing facilities in the UK, USA, Mexico, China, and Vietnam (company profile on Trustpilot)",Trustpilot ~3.8; 64% 5-star / 25% 1-star (https://www.trustpilot.com/review/thehouselights.com),~200-217,2026-10-08
Creative.Lighting,direct,https://creative.lighting,Online DTC (Scandinavian branding; reviewers say ships from China),not captured (a reviewer cites an ~EUR 85 lamp),Designer-look lamps and lighting,not captured,Trustpilot 2.5 (https://www.trustpilot.com/review/creative.lighting),292 (one snapshot),2026-10-08
Lumens,direct,https://www.lumens.com,"Online, US + trade program","Designer-brand pendants and lanterns; specific comparable price not captured. Free ground shipping on $99+, else $14.99 (https://www.lumens.com/customer-service/shipping.html)","Designer modern lighting, fans, furniture (Visual Comfort etc.); 30-day returns, buyer pays return shipping","Lumens is North America's premier destination for modern lighting, furniture and décor (About page per search extract)","Trustpilot: mostly negative, score not captured (https://www.trustpilot.com/review/lumens.com)",135-171 (varies by regional page),2026-10-08
YLighting,direct,https://www.ylighting.com,"Online, US (joining Lumens)",Specific comparable price not captured; free shipping $49+; 30-day returns; price match (https://www.ylighting.com/on/demandware.store/Sites-YLighting-Site/default/Home-Show),Modern designer lighting from 325+ brands,Exclusive Lighting Designs You Can't Find Anywhere Else (https://www.ylighting.com/exclusives/),Trustpilot 3.9; 72% 1-star (https://www.trustpilot.com/review/www.ylighting.com),18,2026-10-08
Lightology,direct,https://www.lightology.com,"Online + 20,000 sq ft showroom, Chicago","Bloom Pendant by Resident $695-$1,395 (https://www.lightology.com/index.php?module=cat&cat_id=106)","Designer, modern and commercial lighting (Tom Dixon, Moooi, Visual Comfort)",Premier Modern Lighting & Designer Fixtures (https://www.lightology.com/),"Trustpilot page exists, not read (https://www.trustpilot.com/review/www.lightology.com)",n/a,2026-10-08
Lamps Plus,direct,https://www.lampsplus.com,Online + ~30 stores (western US),Specific comparable price not captured; free shipping min $49-$75; 60-day returns (https://www.lampsplus.com/help-and-policies/return-policy/),"Mass-market and exclusive lighting, 90,000+ designs",Nation's Largest Lighting Retailer (https://lampsplus.com/about-us/),Trustpilot ~4.6; 85% 5-star / 2% 1-star (https://www.trustpilot.com/review/www.lampsplus.com),"~15,900",2026-10-08
Destination Lighting,direct,https://www.destinationlighting.com,"Online, US","Black outdoor wall lanterns $96-$308; e.g. Capital Belmore 18in $218, in stock, ships in 1 business day (https://www.destinationlighting.com/item/belmore-18-inch-outdoor-wall-lantern-black-capital-lighting/P2033459)","Branded US lighting (Capital, Hinkley, Quorum); free shipping at $49.95",not captured,not captured,n/a,2026-10-08
Shades of Light,direct,https://www.shadesoflight.com,"Online, US",Outdoor pendants/lanterns $144.50-$337 (e.g. Modern Obelisk Outdoor Pendant $318) (https://www.shadesoflight.com/products/modern-obelisk-outdoor-hanging-lantern),Decorative indoor/outdoor lighting,not captured,not captured,n/a,2026-10-08
"Ferguson Home (formerly Build.com + Ferguson Bath, Kitchen & Lighting Gallery)",direct,https://www.fergusonhome.com/showroom,Online + showrooms with one-on-one consultations,not captured,"Branded lighting, plumbing, appliances; showroom consultants","Ferguson Bath, Kitchen & Lighting Gallery and Build.com now Ferguson Home (https://seekingalpha.com/pr/20017593-ferguson-bath-kitchen-and-lighting-gallery-and-build-com-now-ferguson-home)",not captured,n/a,2026-10-08
Rove Concepts,direct (replica),https://roveconcepts.com,Online (replica/reproduction furniture and lighting),Mouille 3 Pendant reproduction; price not captured; lighting final sale (https://roveconcepts.com/product-info/2808/pdf),Reproductions of mid-century designer pieces,not manufactured by or affiliated with the original designer(s) (spec sheet disclaimer),not captured,n/a,2026-10-08
Wayfair / AllModern,indirect,https://www.allmodern.com,"Online marketplace, US","Outdoor wall lanterns $59-$299 (Elba $99-$115, Bodhi $118) (https://www.allmodern.com/outdoor/sb1/wall-lantern-outdoor-wall-lights-c528028-a76380~279772.html); Galilee 'Kloud' glass cloud pendant from $480 (https://www.wayfair.com/keyword.php?keyword=cloud+pendant+light)",Everything for the home; free shipping on most items; 1-3 day delivery on many,not verified,Trustpilot Wayfair USA: mostly negative (https://www.trustpilot.com/review/wayfair.com),783,2026-10-08
Amazon,indirect,https://www.amazon.com,"Online marketplace, US (Prime)","Moon wall sconce 19.5in $68.39, 23.6in $89.90 (https://www.amazon.com/moon-wall-sconce/s?k=moon+wall+sconce); 16-step motion stair kit $206.99 (https://www.amazon.com/MALIIGAZA-Intelligent-Daylight-Control-Cuttable/dp/B0DS5MVTTD)",Same-genre Chinese-made fixtures from third-party sellers,n/a,per listing,per listing,2026-10-08
Walmart Marketplace,indirect,https://www.walmart.com,"Online marketplace, US",Nordic wooden corridor/hallway ceiling light $10.09-$11.14 (https://www.walmart.com/ip/13625574398); cloud pendants $34.20-$264.99 (https://www.walmart.com/c/kp/cloud-pendant-light),Third-party Chinese-made fixtures,n/a,per listing,per listing,2026-10-08
Home Depot (marketplace),indirect,https://www.homedepot.com,Online + stores,Black seeded-glass outdoor lanterns $39.97-$78.99 (https://homedepot.com/p/Modern-Black-Outdoor-Wall-Light-12-in-1-Light-Cylinder-Outdoor-Wall-Lantern-Sconce-with-Seeded-Glass-Shade-628Y8BRQQIY877W/320644338),Mass outdoor/indoor lighting,not captured,per listing,per listing,2026-10-08
West Elm,indirect,https://www.westelm.com,Online + stores,Weston Fluted Glass Indoor/Outdoor Sconce $199-$458 (https://www.westelm.com/products/fluted-glass-indoor-outdoor-sconce-w3995/); Henry Outdoor Sconce $169-$299,Modern furniture and lighting,not captured,not captured,n/a,2026-10-08
CB2,indirect,https://www.cb2.com,Online + stores,"Pendants $249 (Marra) to $1,499 (Terzo); 14in Moon Globe $439 sale (https://www.cb2.com/lighting/pendant-lights/1)",Modern furniture and statement lighting,not captured,not captured,n/a,2026-10-08
Rejuvenation,indirect,https://www.rejuvenation.com,"Online + stores; assembled in Portland, OR",Callum lantern sconce $349; Columbia 7in lantern sconce $529 (https://www.rejuvenation.com/products/columbia-large-single-sconce/),"Heritage lighting and hardware, made to order",not captured,not captured,n/a,2026-10-08
Schoolhouse,indirect,https://schoolhouse.com,"Online + stores; Portland, OR factory",Factory 4 Cord Pendant LED $299-$449 (https://schoolhouse.com/products/factory-4-cord-pendant-copy),Hand-spun/assembled lighting and home goods,not captured,not captured,n/a,2026-10-08
RH,indirect,https://rh.com,Online + galleries; membership pricing,Champeaux Outdoor Sconce $229 member / $395 regular (https://rh.com/us/en/catalog/product/product.jsp/prod18950194),Luxury furniture and lighting,not captured,not captured,n/a,2026-10-08
Lulu and Georgia,indirect,https://www.luluandgeorgia.com,Online,"Pendants $225 (Helma) to $3,490 (Patia) (https://www.luluandgeorgia.com/collections/pendant-lights)","Designer furniture, rugs, lighting",not captured,not captured,n/a,2026-10-08
Article,indirect,https://www.article.com,Online,Gemma Pendant $199 (https://www.article.com/product/18737/gemma-pendant-lamp-black),Mid-century/Scandinavian furniture and lighting,not captured,4.4 (Gemma pendant),55 (Gemma pendant),2026-10-08
AliExpress,substitute,https://www.aliexpress.com,Direct from China (weeks to US),Moon wall lamps $33.22-$105.69 (https://www.aliexpress.com/w/wholesale-moon-wall-light.html); stair kits $64.43-$92.21 (https://www.aliexpress.us/item/3256808377740908.html); wood round ceiling light ~$6.33-$34.50 (https://www.aliexpress.com/w/wholesale-nordic%20flush%20mount%20ceiling%20light.html); silk cloud pendant $99.99 (https://www.aliexpress.com/item/32856282230.html),The supplier catalog itself,n/a,per listing,per listing,2026-10-08
Alibaba,substitute,https://www.alibaba.com,Wholesale from China,Wood round LED ceiling lights about EUR 6-54; corridor light $4-5 at MOQ 80 (https://www.alibaba.com/showroom/wooden-round-led-ceiling-light.html),Factory wholesale,n/a,n/a,n/a,2026-10-08
Temu,substitute,https://www.temu.com,Direct from China,"Listings found (e.g. 23.6in moon wall sconce, cloud ceiling lights) but no prices visible in sources (https://www.temu.com/moon-wall-light-5030045837987-s.html)",Cheap Chinese-made goods,n/a,n/a,n/a,2026-10-08
Etsy,substitute,https://www.etsy.com,Marketplace (makers + resellers),Cloud paper lampshade $41.55; organic cloud wabi-sabi pendant $473.99 sale (https://www.etsy.com/market/wabi_sabi_pendant_lighting),Handmade and resold lighting,n/a,per listing,per listing,2026-10-08
Local showrooms (e.g. LifeStyles Edmond; Andrews Lighting Gallery OKC),substitute,https://lifestylesstores.com/,"In person, Edmond/OKC (example market)",not captured,"Lighting, fans, furnishings with in-person advice",family owned and operated since 1971 (LifeStyles),not captured,n/a,2026-10-08
Facebook Marketplace,substitute,https://www.facebook.com/marketplace,Local resale,not captured (not reachable from this network),Used / new-in-box fixtures,n/a,n/a,n/a,2026-10-08
